start_time_s,end_time_s,pitch_midi,velocity,pitch_bend
40.823138321995465,41.28753741496599,72,88,1,1,1,1,1,1,1,1,1,1,1,1,1,1,1,1,0,1,1,1,1,1,1,1,1,1,1,1,1,1,1,1,1,1,1,1,1,1,1,1
40.60254875283447,40.834748299319735,44,46,1,1,1,1,1,1,1,1,0,1,1,1,1,1,1,1,1,0,0,0
40.347129251700686,40.823138321995465,72,83,1,1,1,1,1,1,1,1,1,1,1,1,1,1,1,1,1,1,1,1,1,1,1,1,1,1,1,1,1,1,-5,-5,-5,1,1,1,1,1,1,1,1
39.894340136054424,40.30068934240363,75,88,1,1,1,1,1,1,1,1,1,1,1,1,1,1,1,1,1,1,1,1,1,1,1,1,1,1,1,1,1,1,1,1,1,1,1
39.743410430839006,39.91756009070295,73,66,1,1,1,1,1,1,1,1,1,1,1,1,1,1,1
39.42865714285714,39.731800453514744,72,97,1,1,1,1,1,1,1,1,1,1,1,1,1,1,1,1,1,1,1,1,1,1,1,1,1,1,1
39.11518775510204,39.48670702947846,70,86,1,1,1,1,1,1,1,1,1,1,1,1,1,1,1,1,1,1,1,1,1,1,1,1,1,1,1,1,1,1,1,1
38.639178684807256,39.10357777777778,68,90,-2,1,1,1,1,1,1,1,1,1,1,1,1,1,1,1,1,1,1,1,1,1,1,1,1,1,1,1,1,1,1,1,1,1,1,1,1,1,1,1
38.48824897959184,38.639178684807256,67,72,1,1,1,1,1,1,1,1,1,1,1,1,1
38.209609523809526,38.34892925170068,41,51,1,1,1,1,1,1,1,1,1,1,1,1
38.17477959183673,38.4998589569161,65,91,1,1,1,1,1,1,1,1,1,1,1,1,1,1,1,1,1,1,1,1,1,1,1,1,1,1,1,1
38.15155963718821,38.302489342403625,46,42,1,1,1,1,1,1,1,1,1,1,1,1,1
38.15155963718821,38.314099319727895,43,45,0,0,1,1,1,1,1,1,1,1,1,1,1,1
37.84970022675737,38.22121950113379,63,91,1,1,1,1,1,1,1,1,1,1,1,1,1,1,1,1,1,1,1,1,1,1,1,1,1,1,1,1,1,1,1,1
37.54655691609977,37.86131020408163,75,94,1,1,1,1,1,1,1,1,1,1,1,1,1,1,1,1,1,1,1,1,1,1,1,1,1,1,1,1
37.54655691609977,37.84970022675737,63,76,1,1,1,1,1,1,1,1,1,1,1,1,1,1,1,1,1,1,1,1,1,1,1,1,1,1,1
37.24469750566893,38.11672970521542,60,73,-2,-2,1,1,1,1,1,1,1,1,1,1,1,1,1,1,1,1,1,1,1,1,1,1,1,1,1,1,1,1,1,1,1,1,1,1,1,1,1,1,1,1,1,1,1,1,1,1,1,1,1,1,1,1,1,1,1,1,1,1,1,1,1,1,1,1,1,1,1,1,1,1,1,1,1,1
37.23308752834467,37.54655691609977,63,63,1,1,1,1,1,1,1,1,1,1,1,1,1,1,1,1,1,1,1,1,1,1,1,1,1,1,1
37.08215782312925,37.27952743764172,65,77,1,1,1,1,1,1,1,1,1,1,1,1,1,1,1,1,1
36.93122811791383,37.14020770975056,67,80,1,1,1,1,1,1,1,1,1,1,1,1,1,1,1,1,-5,-5
36.93122811791383,37.18664761904762,63,67,1,1,1,1,1,1,1,1,1,1,1,1,1,1,1,1,1,1,1,1,1,1
36.93122811791383,37.24469750566893,60,71,1,1,1,1,1,1,1,1,1,1,1,1,1,1,1,1,1,1,1,1,1,1,1,1,1,-2,-2
36.68741859410431,36.826738321995464,44,61,1,1,1,1,1,1,1,1,1,1,1,1
36.61775873015873,36.93122811791383,60,94,1,1,1,1,1,1,1,1,1,1,1,1,1,1,1,1,1,1,1,1,1,1,1,1,1,1,1
36.606148752834464,36.93122811791383,68,69,-2,-2,1,1,1,1,1,1,1,1,1,1,1,1,1,1,1,1,1,1,1,1,1,1,1,1,1,1
36.606148752834464,36.93122811791383,63,84,1,1,1,1,1,1,1,1,1,1,1,1,1,1,1,1,1,1,1,1,1,1,1,1,1,1,1,1
36.292679365079366,36.606148752834464,67,98,1,1,1,1,1,1,1,1,1,1,1,1,1,1,1,1,1,1,1,1,1,1,1,1,1,1,1
35.81667029478458,35.97920997732426,68,81,7,1,1,1,1,1,1,1,1,1,1,1,1,1
35.68767664399093,35.851500226757366,70,82,1,1,1,1,1,1,1,1,1,1,1,1,1,1,1
35.61801678004535,35.81667029478458,43,47,1,1,1,1,1,1,-1,1,1,1,1,1,1,1,1,1,1,1
35.536746938775515,35.77023038548752,46,41,1,1,1,1,1,1,1,1,1,1,1,1,1,1,1,1,1,1,1,1,1
35.44386712018141,35.64123673469388,39,50,1,1,1,1,1,1,1,1,1,1,1,1,1,1,1,1,1
35.362597278911565,35.72250657596372,67,90,1,1,1,1,1,1,1,1,1,1,1,1,1,1,1,1,1,1,1,1,1,1,1,1,1,1,1,1,1,1,1
35.362597278911565,35.66445668934241,58,59,1,1,1,1,1,1,1,1,1,1,1,1,1,1,1,1,1,1,1,1,1,1,1,1,1,1
35.049127891156466,35.40903718820862,75,94,1,1,1,1,1,1,1,1,1,1,1,1,1,1,1,1,1,1,1,1,1,1,1,1,1,1,1,1,1,1,1
34.74726848072562,34.979468027210885,67,64,1,1,1,1,1,1,1,1,1,1,1,1,1,1,1,1,1,1,1,1
34.74726848072562,35.200057596371884,64,47,1,1,1,1,1,1,1,1,1,1,1,1,1,1,1,1,1,1,1,1,1,1,1,1,1,1,1,1,1,1,1,1,1,1,1,1,1,1,1
34.58472879818594,34.74726848072562,67,87,1,1,1,1,1,1,1,1,1,1,1,1,1,1
34.57311882086168,34.863368253968254,55,45,-1,1,1,1,1,1,1,1,1,1,1,1,1,1,1,1,1,1,1,1,1,1,1,1,1
34.42218911564626,34.58472879818594,68,73,1,1,1,1,1,1,1,1,1,1,1,1,1,1
34.108719727891156,34.70082857142857,64,76,1,1,1,1,1,1,1,1,1,1,1,1,1,1,1,1,1,1,1,1,1,1,1,1,1,1,1,1,1,1,1,1,1,1,1,1,1,1,1,1,1,1,1,1,1,1,1,1,1,1,1
34.108719727891156,35.362597278911565,58,77,1,1,1,1,1,1,1,1,1,1,1,1,1,1,1,1,1,1,1,1,1,1,1,1,1,1,1,1,1,1,1,1,1,1,1,1,1,1,1,1,1,1,1,1,1,1,1,1,1,1,1,1,1,1,-2,4,1,1,1,1,1,1,1,1,1,1,1,1,1,1,1,1,1,1,1,1,1,1,1,1,1,1,1,1,1,1,1,1,1,1,1,1,1,1,1,1,1,1,1,1,1,1,1,1,1,1,1,1
33.93457006802721,34.23642947845805,46,53,1,1,1,1,1,1,1,1,1,1,1,1,1,-2,-2,1,1,1,1,1,1,1,1,1,1,1
33.329567346938774,33.492107029478454,70,80,1,1,1,1,1,1,1,1,1,1,1,1,1,1
33.178637641723356,33.36439727891156,72,82,1,1,1,1,1,1,1,1,1,1,1,1,1,1,1,-5
33.16702766439909,33.445667120181405,53,57,1,1,0,0,0,1,1,1,1,1,1,1,1,1,1,1,1,1,1,1,1,1,1,1
33.16702766439909,33.329567346938774,46,55,1,1,1,1,1,1,1,1,1,1,1,1,1,1
33.16702766439909,33.329567346938774,44,48,1,1,0,0,0,0,1,1,1,1,1,1,1,1
33.16702766439909,33.31795736961451,37,35,1,1,0,0,0,0,1,1,1,1,1,1,1
32.86516825396825,33.178637641723356,68,81,1,1,1,1,1,1,1,1,1,1,1,1,1,1,1,1,1,1,1,1,1,1,1,1,1,1,1
32.86516825396825,33.062537868480725,61,54,1,1,1,1,1,1,1,1,1,1,1,1,1,1,1,1,1
32.54008888888889,32.911608163265306,75,84,1,1,1,1,1,1,1,1,1,1,1,1,1,1,1,1,1,1,1,1,1,1,1,1,1,1,1,1,1,1,1,1
32.22661950113378,32.86516825396825,61,59,1,1,1,1,1,1,1,1,1,1,1,1,1,1,1,1,1,1,1,1,1,1,1,1,1,1,1,1,1,1,1,1,1,1,1,1,1,1,1,1,1,1,1,1,1,1,1,1,1,1,1,1,1,1,1
32.075689795918365,32.38915918367347,68,52,1,1,1,1,1,1,1,1,1,1,1,1,1,1,1,1,1,1,1,1,1,1,1,1,1,1,1
31.913150113378684,33.1321977324263,58,61,1,1,1,1,1,1,1,1,1,1,1,1,1,1,1,1,1,1,1,1,1,1,1,1,1,1,-2,-2,-2,-2,1,1,1,1,1,1,1,1,1,1,1,1,1,1,1,1,1,1,1,1,1,1,1,1,1,1,1,1,1,1,1,1,1,1,1,1,1,1,1,1,1,1,1,1,1,1,1,1,1,1,1,1,1,1,1,1,1,1,1,1,1,1,1,1,1,1,1,1,1,1,1,1,1,1,1
31.633226757369613,33.15541768707483,53,69,1,1,1,1,1,1,1,1,1,1,1,1,1,1,1,1,1,1,1,1,1,1,1,1,1,1,1,1,1,1,1,1,1,1,1,1,1,1,1,1,1,1,1,1,1,1,1,1,1,1,1,1,1,1,1,1,1,1,1,1,1,1,1,1,1,1,1,1,1,1,1,1,1,1,1,1,1,1,1,1,1,1,1,1,1,1,1,1,1,1,1,1,1,1,1,1,1,1,1,1,1,1,1,1,1,1,1,1,1,1,1,1,1,1,1,1,1,1,1,1,1,1,1,1,1,1,1,1,1,1,1,1
31.62161678004535,31.797050340136053,65,42,1,1,1,1,1,1,1,1,1,1,1,1,1,1,1,1
31.62161678004535,32.21500952380952,61,73,1,1,1,1,1,1,1,1,1,1,1,1,1,1,1,1,1,1,1,1,1,1,1,1,1,1,1,1,1,1,1,1,1,1,1,1,1,1,1,1,1,1,1,1,1,1,1,1,1,1,1,1
31.62161678004535,31.913150113378684,58,75,1,1,1,1,1,1,1,1,1,1,1,1,1,1,1,1,1,1,1,1,1,1,1,1,1,1
31.62161678004535,31.866710204081635,46,59,1,1,1,1,1,1,1,1,1,1,1,1,1,1,1,1,1,1,1,1,1,1
31.54034693877551,31.714496598639453,41,50,1,1,1,1,1,1,1,1,1,1,1,1,1,1,1
31.296537414965986,31.575176870748297,75,72,1,1,1,1,1,1,1,1,1,1,1,1,1,1,1,1,1,1,1,1,1,1,1,1
30.983068027210884,31.62161678004535,65,70,1,1,1,1,1,1,1,1,1,1,1,1,1,1,1,1,1,1,1,1,1,1,1,1,1,1,1,1,1,1,1,1,1,1,1,1,1,1,1,1,1,1,1,1,1,1,1,1,1,1,1,1,1,1,1
30.983068027210884,31.610006802721088,57,82,1,1,1,1,1,1,1,1,1,1,1,1,1,1,1,1,1,1,1,1,1,1,1,1,1,1,1,1,1,1,1,1,1,1,1,1,1,1,1,1,1,1,1,1,1,1,1,1,1,1,1,1,1,1
30.983068027210884,31.633226757369613,53,77,1,1,1,1,1,1,1,1,1,1,1,1,1,1,1,1,1,1,1,1,1,1,1,1,1,1,1,1,1,1,1,1,1,1,1,1,1,1,1,1,1,1,1,1,1,1,1,1,1,1,1,1,1,1,1,1
30.8205283446712,30.983068027210884,72,87,1,1,1,1,1,1,1,1,1,1,1,1,1,1
30.681208616780044,30.866968253968253,70,76,1,1,1,1,1,1,1,1,1,1,1,1,1,1,1,1
30.65798866213152,30.808918367346937,46,56,1,1,1,1,1,1,1,1,1,1,1,1,1
30.344519274376417,30.66959863945578,72,84,1,1,1,1,1,1,1,1,1,1,1,1,1,1,1,1,1,1,1,1,1,1,1,1,1,1,1,1
30.344519274376417,30.611548752834466,65,39,1,1,1,1,1,1,1,1,1,1,1,1,1,1,1,1,1,1,1,1,1,1,1
30.344519274376417,30.611548752834466,60,52,1,1,1,1,1,1,1,1,1,1,1,1,1,1,1,1,1,1,1,1,1,1,1
30.344519274376417,30.66959863945578,53,66,1,1,1,1,1,1,1,1,1,1,1,1,1,1,1,1,1,1,1,1,1,1,1,1,1,1,1,1
29.89173015873016,30.123929705215417,75,80,1,1,1,1,1,1,1,1,1,1,1,1,1,1,1,1,1,1,1,1
29.89173015873016,30.495448979591835,63,57,1,1,1,1,1,1,1,1,1,1,1,1,1,1,1,1,1,1,1,1,1,1,1,1,1,1,1,1,1,1,1,1,1,1,1,1,1,1,1,1,1,1,1,1,1,1,1,1,1,1,1,1
29.751126530612243,29.914950113378683,73,64,1,1,1,1,1,1,1,1,1,1,1,1,1,1,1
29.751126530612243,30.344519274376417,60,64,-2,4,1,1,1,1,1,1,1,1,1,1,1,1,1,1,1,1,1,1,1,1,1,1,1,1,1,1,1,1,1,1,1,1,1,1,1,1,1,1,1,1,1,1,1,1,1,1,1,1,1,1
29.42604716553288,29.62341678004535,72,62,1,1,1,1,1,1,1,1,1,1,1,1,1,1,1,1,1
29.42604716553288,29.681466666666665,65,42,-5,-5,-5,-5,-5,-5,-5,-5,-5,-5,-5,-5,-5,-5,-5,-5,-5,-5,1,1,1,1
29.42604716553288,29.72790657596372,63,74,1,1,1,1,1,1,1,1,1,1,1,1,1,1,1,1,1,1,1,1,1,1,1,1,1,1
29.42604716553288,29.72790657596372,60,77,1,1,1,1,1,1,1,1,1,1,1,1,1,1,1,1,1,1,1,1,1,1,1,1,1,1
29.42604716553288,30.344519274376417,53,68,1,1,1,1,1,1,1,1,1,1,1,1,1,1,1,1,1,1,1,1,1,1,1,1,1,1,1,1,1,1,1,1,1,1,1,1,1,1,1,1,1,1,1,1,1,1,1,1,1,1,1,1,1,1,1,1,1,1,1,1,1,1,1,1,1,1,1,1,1,1,1,1,1,1,1,1,1,1,1,1
29.112577777777776,29.367997278911563,70,51,1,1,1,1,1,1,1,1,1,1,1,1,1,1,1,1,1,1,1,1,1,1
29.112577777777776,29.402827210884354,65,52,1,1,1,1,1,1,1,1,1,1,1,1,1,1,1,-5,-5,1,1,-5,-5,1,1,1,1
29.112577777777776,29.42604716553288,63,75,1,1,1,1,1,1,1,1,1,1,1,1,1,1,1,1,1,1,1,1,1,1,1,1,1,1,1
29.112577777777776,29.42604716553288,60,81,1,1,1,1,1,1,1,1,1,1,1,1,1,1,1,1,1,1,1,1,1,1,1,1,1,1,1
29.112577777777776,29.42604716553288,53,67,1,1,1,1,1,1,1,1,1,1,1,1,1,1,1,1,1,1,1,1,1,1,1,1,1,1,1
29.112577777777776,29.3563873015873,51,48,1,1,1,1,1,1,1,1,1,1,1,1,1,1,1,1,1,1,1,1,1
29.112577777777776,29.27511746031746,44,57,1,1,1,1,1,1,1,1,1,1,1,0,0,0
29.112577777777776,29.367997278911563,41,62,1,1,1,1,1,1,1,1,1,1,1,1,1,1,1,1,1,1,1,1,1,1
28.648178684807256,29.08935782312925,68,83,1,1,1,1,1,1,1,1,1,1,1,1,1,1,1,1,1,1,1,1,1,1,1,1,1,1,1,1,1,1,1,1,1,1,1,1,1,1
28.485639002267572,28.648178684807256,67,63,1,1,1,1,1,1,1,1,1,1,1,1,1,1
28.485639002267572,29.112577777777776,60,82,1,1,1,1,1,1,1,1,1,1,1,1,1,1,1,1,1,1,1,1,1,1,1,1,1,1,1,1,1,1,1,1,1,1,1,1,1,1,1,1,1,1,1,1,1,1,1,1,1,1,1,1,1,1
28.183779591836736,28.485639002267572,60,95,1,1,1,1,1,1,1,1,1,1,1,1,1,1,1,1,1,1,1,1,1,1,1,1,1,1
28.160559637188207,28.381149206349207,44,67,1,1,1,1,1,1,1,1,1,1,1,1,1,1,1,1,1,1,1
27.847090249433105,28.24182947845805,63,87,1,1,1,1,1,1,1,1,1,1,1,1,1,1,1,1,1,1,1,1,1,1,1,1,1,1,1,1,1,1,1,1,1,1
27.54394693877551,27.858700226757367,75,84,1,1,1,1,1,1,1,1,1,1,1,1,1,1,1,1,1,1,1,1,1,1,1,1,1,1,1,1
27.242087528344673,28.183779591836736,60,67,-2,-2,1,1,1,1,1,1,1,1,1,1,1,1,1,1,1,1,1,1,1,1,1,1,1,1,1,1,1,1,1,1,1,1,1,1,1,1,1,1,1,1,1,1,1,1,1,1,1,1,1,1,1,1,1,1,1,1,1,1,1,1,1,1,1,1,1,1,1,1,1,1,1,1,1,1,1,1,1,1,1,1
27.230477551020407,28.137339682539682,56,78,1,1,1,1,1,1,1,1,1,1,1,1,1,1,1,1,1,1,1,1,1,1,1,1,1,1,1,1,1,1,1,1,1,1,1,1,1,1,1,1,1,1,1,1,1,1,1,1,1,1,1,1,1,1,1,1,1,1,1,1,1,1,1,1,1,1,1,1,1,1,1,1,1,1,1,1,1,1,1
27.07954784580499,27.288527437641722,65,75,1,1,1,1,1,1,1,1,1,1,1,1,1,1,1,1,1,1
26.92861814058957,27.12598775510204,67,75,1,1,1,1,1,1,1,1,1,1,1,1,1,1,1,-5,-5
26.615148752834468,27.242087528344673,60,79,1,1,1,1,1,1,1,1,1,1,1,1,1,1,1,1,1,1,1,1,1,1,1,1,1,1,1,1,1,1,1,1,1,1,1,1,1,1,1,1,1,1,1,1,1,1,1,1,1,1,1,1,1,-2
26.615148752834468,27.230477551020407,56,84,1,1,1,1,1,1,1,1,1,1,1,1,1,1,1,1,1,1,1,1,1,1,1,1,1,1,1,1,1,1,1,1,1,1,1,1,1,1,1,1,1,1,1,1,1,1,1,1,1,1,1,1,1
26.615148752834468,26.77768843537415,44,55,1,1,1,1,1,1,1,1,1,1,1,1,1,1
26.533878911564624,26.69641859410431,48,37,1,1,2,2,2,2,1,1,1,1,1,1,1,1
26.382949206349206,26.568708843537415,39,68,1,1,1,1,1,1,1,1,1,1,1,1,1,1,1,2
26.301679365079366,26.638368707482993,67,89,1,1,1,1,1,1,1,1,1,1,1,1,1,1,1,1,1,1,1,1,1,1,1,1,1,1,1,1,1
25.82567029478458,25.9766,68,80,1,1,1,1,1,1,1,1,1,1,1,1,1
25.685066666666668,25.86050022675737,70,80,1,1,1,1,1,1,1,1,1,1,1,1,1,1,1,1
25.685066666666668,25.848890249433108,39,43,1,1,1,1,1,1,1,1,1,1,1,1,1,1,1
25.673456689342405,25.824386394557823,51,56,1,1,1,1,1,1,1,1,1,1,1,1,1
25.603796825396827,25.824386394557823,43,44,-2,-2,-2,-2,1,1,-2,-2,-2,-2,-2,-2,-2,1,1,1,1,1,1
25.545746938775512,25.766336507936508,46,41,1,1,1,1,1,1,1,1,1,1,1,1,1,1,1,1,1,1,1
25.42964716553288,25.685066666666668,39,75,1,1,1,1,1,1,1,1,1,1,1,1,1,1,1,1,1,1,1,1,1,1
25.359987301587303,25.719896598639455,67,88,1,1,1,1,1,1,1,1,1,1,1,1,1,1,1,1,1,1,1,1,1,1,1,1,1,1,1,1,1,1,1
25.0465179138322,25.406427210884356,75,91,1,1,1,1,1,1,1,1,1,1,1,1,1,1,1,1,1,1,1,1,1,1,1,1,1,1,1,1,1,1,1
24.74465850340136,25.673456689342405,51,58,1,1,1,1,1,1,1,1,1,1,1,1,1,1,1,1,1,1,1,1,1,1,1,1,1,1,1,1,1,1,1,1,1,1,1,1,1,1,1,1,1,1,1,1,1,1,1,1,1,1,1,1,1,1,1,1,1,1,1,1,1,1,1,1,1,1,1,1,1,1,1,1,1,1,1,1,1,1,1,1
24.7330485260771,24.988468027210885,67,63,1,1,1,1,1,1,1,1,1,1,1,1,1,1,1,1,1,1,1,1,1,1
24.7330485260771,25.557356916099774,61,55,-2,-2,-2,1,1,1,1,1,1,1,1,1,1,1,1,1,1,1,1,1,1,1,1,1,1,1,1,1,1,1,1,1,1,1,1,1,1,1,1,1,1,1,1,1,1,1,1,1,1,1,1,1,1,1,1,1,1,1,1,1,1,1,1,1,1,1,1,1,1,1,1
24.570508843537414,24.7330485260771,67,85,1,1,1,1,1,1,1,1,1,1,1,1,1,1
24.570508843537414,25.650236734693877,58,65,1,1,1,1,1,1,1,1,1,1,1,1,1,1,1,1,1,1,1,1,1,1,1,1,1,1,1,1,1,1,1,1,1,1,1,1,1,1,1,1,1,1,1,1,1,1,1,1,1,1,1,1,1,1,1,1,1,1,1,1,1,1,1,1,1,1,1,1,1,1,1,1,1,1,1,1,1,1,1,1,1,1,1,1,1,1,1,1,1,1,1,1,1
24.570508843537414,24.837538321995467,55,40,-2,1,1,1,1,1,1,1,1,1,1,1,1,1,1,1,1,1,1,1,1,1,1
24.419579138321996,24.570508843537414,68,53,1,1,1,1,1,1,1,1,1,1,1,1,-2
24.117719727891156,24.36152925170068,63,47,-5,-5,-5,-5,-5,1,1,1,-5,-5,-5,-5,-5,-5,-5,-5,-5,-5,-5,-5,-5
24.117719727891156,24.686608616780045,51,57,1,1,1,1,1,1,1,1,1,1,1,1,1,1,1,1,1,1,1,1,1,1,1,1,1,1,1,1,1,1,1,1,1,1,1,1,1,1,1,1,1,1,1,1,1,1,1,1,1
24.106109750566894,24.709828571428574,61,69,1,1,1,1,1,1,1,1,1,1,1,1,1,1,1,1,1,1,1,1,1,1,1,1,1,1,1,1,1,1,1,1,1,1,1,1,1,1,1,1,1,1,1,1,1,1,1,1,1,1,1,1
24.106109750566894,24.570508843537414,58,76,1,1,1,1,1,1,1,1,1,1,1,1,1,1,1,1,1,1,1,1,1,1,1,1,1,1,1,1,1,1,1,1,1,1,1,1,1,1,1,1
24.106109750566894,24.373139229024943,46,64,1,1,1,1,1,1,1,1,1,1,1,1,1,1,1,1,1,1,1,1,1,1,1
24.106109750566894,24.419579138321996,39,70,1,1,1,1,1,1,1,1,1,1,1,1,1,1,1,1,1,1,1,1,1,1,1,1,1,1,1
24.09449977324263,24.651778684807258,65,55,1,1,1,1,1,1,1,1,1,1,1,1,1,1,1,1,1,1,1,1,1,1,1,1,1,1,1,1,1,1,1,1,1,1,1,1,1,1,1,1,1,1,1,1,1,1,1,1
24.09449977324263,24.257039455782312,42,52,1,1,1,1,1,1,1,1,1,1,1,1,1,1
23.338567346938778,23.501107029478458,70,79,1,1,1,1,1,1,1,1,1,1,1,1,1,1
23.176027664399093,23.373397278911565,72,84,1,1,1,1,1,1,1,1,1,1,1,1,1,1,1,-5,-5
23.176027664399093,23.385007256235827,42,40,1,1,1,1,1,1,1,1,1,1,1,1,1,1,1,1,1,1
23.16441768707483,23.31534739229025,44,46,1,1,0,0,0,0,1,1,1,1,1,1,1
22.85094829931973,23.176027664399093,72,73,1,1,1,1,1,1,1,1,1,1,1,1,1,1,1,1,1,1,1,1,1,1,1,1,1,1,1,1
22.85094829931973,23.12958775510204,60,55,1,1,1,1,1,1,1,1,1,1,1,1,1,1,1,1,1,1,1,1,1,1,1,1
22.85094829931973,23.141197732426306,58,61,1,1,1,1,1,1,1,1,1,1,1,1,1,1,1,1,1,1,1,1,1,1,1,1,1
22.70001859410431,22.88577823129252,70,71,1,1,1,1,1,1,1,1,1,1,1,1,1,1,1,1
22.70001859410431,22.85094829931973,58,67,1,1,1,1,1,1,1,1,1,1,1,1,1
22.54908888888889,22.74645850340136,68,72,1,1,1,1,1,1,1,1,1,1,1,1,1,1,1,1,1
22.537478911564627,22.839338321995466,61,58,1,1,1,1,1,1,1,1,1,1,1,1,1,-2,-2,-2,1,1,1,1,1,1,1,1,1,1
22.235619501133787,22.47942902494331,67,61,1,1,1,1,1,1,1,1,1,1,1,1,1,1,1,1,1,1,1,1,1
22.235619501133787,22.537478911564627,60,62,-2,-2,1,1,1,1,1,1,1,1,1,1,1,1,1,1,1,1,1,1,1,1,1,1,-5,-5
22.235619501133787,22.70001859410431,58,66,-2,1,1,1,1,1,1,1,1,1,1,1,1,1,1,1,1,1,1,1,1,1,1,1,1,1,1,1,1,1,1,1,1,1,1,1,1,1,1,1
22.073079818594106,22.212399546485262,68,65,1,1,1,1,1,1,1,1,1,1,1,1
21.922150113378684,22.189179591836737,58,71,1,1,1,1,1,1,1,1,1,1,1,1,1,1,1,1,1,1,1,1,1,1,1
21.65383673469388,21.852490249433107,39,52,1,1,1,1,1,1,1,1,1,1,1,1,1,1,1,1,1,1
21.61900680272109,22.200789569161,61,68,1,1,1,1,-2,-2,-2,-2,-2,-2,-2,-2,-2,-2,-2,-2,-2,-2,-2,-2,-2,-2,-2,-2,-2,-2,-2,1,1,1,1,-2,1,1,1,1,1,1,1,1,1,1,1,1,1,1,1,-2,-2,-2,-2
21.61900680272109,21.922150113378684,58,74,1,1,1,1,1,1,1,1,1,1,1,1,1,1,1,1,1,1,1,1,1,1,1,1,1,1,1
21.61900680272109,21.875710204081635,49,61,1,1,1,1,1,1,1,1,1,1,1,1,1,1,1,1,1,1,1,1,1,1,1
21.526126984126986,21.677056689342404,41,46,1,1,1,1,1,1,2,2,1,1,1,1,1
21.375197278911568,21.526126984126986,41,82,1,1,1,1,1,1,1,1,1,1,1,1,1
21.293927437641724,21.61900680272109,75,99,1,1,1,1,1,1,1,1,1,1,1,1,1,1,1,1,1,1,1,1,1,1,1,1,1,1,1,1
21.293927437641724,21.46807709750567,63,37,1,1,1,1,1,1,1,1,1,1,1,1,1,1,1
20.98045804988662,21.247487528344674,60,41,1,1,1,1,1,0,1,1,1,1,1,1,1,1,1,1,1,1,1,1,1,1,1
20.81791836734694,20.992068027210887,72,87,-5,1,1,1,1,1,1,1,1,1,1,1,1,1,1
20.678598639455785,20.875968253968257,70,77,1,1,1,1,1,1,1,1,1,1,1,1,1,1,1,1,1
20.678598639455785,20.81791836734694,46,63,1,1,1,1,1,1,1,1,1,1,1,1
20.66698866213152,20.852748299319728,41,56,1,1,1,1,1,1,1,1,1,1,1,1,1,1,1,1
20.643768707482995,20.81791836734694,44,43,1,1,1,1,1,1,1,1,1,1,1,1,1,1,0
20.43478911564626,20.66698866213152,41,63,1,1,1,1,1,1,1,1,1,1,1,1,1,1,1,1,1,1,1,1
20.35351927437642,20.66698866213152,72,87,1,1,1,1,1,1,1,1,1,1,1,1,1,1,1,1,1,1,1,1,1,1,1,1,1,1,1
20.35351927437642,20.632158730158732,65,43,1,1,1,1,1,1,1,1,1,1,1,1,1,1,1,1,1,1,1,1,1,1,1,1
20.35351927437642,20.5160589569161,63,42,1,1,1,1,1,1,1,1,1,1,1,1,1,1
20.35351927437642,20.632158730158732,60,53,1,1,1,1,1,1,1,1,1,1,1,1,1,1,1,1,1,1,1,1,1,1,1,1
20.341909297052155,20.678598639455785,53,68,1,1,1,1,1,1,1,1,1,1,1,1,1,1,1,1,1,1,1,1,1,1,1,1,1,1,1,1,1
19.889120181405897,20.12131972789116,75,82,1,1,1,1,1,1,1,1,1,1,1,1,1,1,1,1,1,1,1,1
19.889120181405897,20.31868934240363,63,71,1,1,1,1,1,1,1,1,1,1,1,1,1,1,1,1,1,1,1,1,1,1,1,1,1,1,1,1,1,1,1,1,1,1,1,1,1
19.74851655328798,19.923950113378687,73,63,0,1,1,1,1,1,1,1,1,1,1,1,1,1,1,1
19.74851655328798,20.35351927437642,60,66,-3,4,1,1,1,1,1,1,1,1,1,1,1,1,1,1,1,1,1,1,1,1,1,1,1,1,1,1,1,1,1,1,1,1,1,1,1,1,1,1,1,1,1,1,1,1,1,1,1,1,1,1,1
19.74851655328798,20.341909297052155,53,70,1,1,1,1,1,1,1,1,1,1,1,1,1,1,1,1,1,1,1,1,1,1,1,1,1,1,1,1,1,1,1,1,1,1,1,1,1,1,1,1,1,1,1,1,1,1,1,1,1,1,1,1
19.43504716553288,19.889120181405897,63,62,1,1,1,1,1,1,1,1,1,1,1,1,1,1,1,1,1,1,1,1,1,1,1,1,1,1,1,1,1,1,1,1,1,1,1,1,1,1,1,1
19.423437188208617,19.63241678004535,72,59,1,1,1,1,1,1,1,1,1,1,1,1,1,1,1,1,1,1
19.423437188208617,19.66724671201814,65,44,-5,-5,-5,-5,-5,-5,-5,-5,-5,-5,-5,-5,-5,-5,-5,-5,-5,-5,-5,-5,-5
19.423437188208617,19.74851655328798,60,76,1,1,1,1,1,1,1,1,1,1,1,1,1,1,1,1,1,1,1,1,1,1,1,1,1,1,1,-3
19.423437188208617,19.74851655328798,53,78,1,1,1,1,1,1,1,1,1,1,1,1,1,1,1,1,1,1,1,1,1,1,1,1,1,1,1,1
19.109967800453514,19.376997278911563,70,52,1,1,1,1,1,1,1,1,1,1,1,1,1,1,1,1,1,1,1,1,1,1,1
19.109967800453514,19.376997278911563,65,52,1,1,1,1,1,1,1,1,1,1,1,1,1,1,1,-5,-5,-5,-5,-5,-5,-5,-5
19.109967800453514,19.43504716553288,63,76,1,1,1,1,1,1,1,1,1,1,1,1,1,1,1,1,1,1,1,1,1,1,1,1,1,1,1,1
19.109967800453514,19.423437188208617,60,81,1,1,1,1,1,1,1,1,1,1,1,1,1,1,1,1,1,1,1,1,1,1,1,1,1,1,1
19.109967800453514,19.423437188208617,53,66,1,1,1,1,1,1,1,1,1,1,1,1,1,1,1,1,1,1,1,1,1,1,1,1,1,1,1
19.109967800453514,19.342167346938773,51,48,1,1,1,1,1,1,1,1,1,1,1,1,1,1,1,1,1,1,1,1
19.109967800453514,19.272507482993195,44,53,1,1,1,1,1,1,1,1,1,1,1,0,0,0
19.109967800453514,19.3653873015873,41,64,1,1,1,1,1,1,1,1,1,1,1,1,1,1,1,1,1,1,1,1,1,1
18.64556870748299,19.109967800453514,68,90,-2,1,1,1,1,1,1,1,1,1,1,1,1,1,1,1,1,1,1,1,1,1,1,1,1,1,1,1,1,1,1,1,1,1,1,1,1,1,1,1
18.48302902494331,18.64556870748299,67,71,1,1,1,1,1,1,1,1,1,1,1,1,1,1
18.18116961451247,18.506248979591835,65,90,1,1,1,1,1,1,1,1,1,1,1,1,1,1,1,1,1,1,1,1,1,1,1,1,1,1,1,1
18.157949659863945,18.2972693877551,46,43,1,1,1,1,1,1,1,1,1,1,1,1
18.157949659863945,18.332099319727888,43,47,0,1,1,1,1,1,1,1,1,1,1,1,1,1,1
17.85480634920635,18.204389569160995,63,92,1,1,1,1,1,1,1,1,1,1,1,1,1,1,1,1,1,1,1,1,1,1,1,1,1,1,1,1,1,1,1
17.541336961451247,17.86641632653061,75,91,1,1,1,1,1,1,1,1,1,1,1,1,1,1,1,1,1,1,1,1,1,1,1,1,1,1,1,1
17.541336961451247,17.85480634920635,63,74,1,1,1,1,1,1,1,1,1,1,1,1,1,1,1,1,1,1,1,1,1,1,1,1,1,1,1
17.239477551020407,18.123119727891154,60,70,-2,-2,1,1,1,1,1,1,1,1,1,1,1,1,1,1,1,1,1,1,1,1,1,1,1,1,1,1,1,1,1,1,1,1,1,1,1,1,1,1,1,1,1,1,1,1,1,1,1,1,1,1,1,1,1,1,1,1,1,1,1,1,1,1,1,1,1,1,1,1,1,1,1,1,1,1,1
17.076937868480726,17.274307482993198,65,76,1,1,1,1,1,1,1,1,1,1,1,1,1,1,1,1,1
16.937618140589567,17.541336961451247,63,61,1,1,1,1,1,1,1,1,1,1,1,1,1,1,1,1,1,1,1,1,1,1,1,1,1,1,1,1,1,1,1,1,1,1,1,1,1,1,1,1,1,1,1,1,1,1,1,1,1,1,1,1
16.926008163265305,17.13498775510204,67,80,1,1,1,1,1,1,1,1,1,1,1,1,1,1,1,1,1,-5
16.612538775510203,16.926008163265305,68,67,-2,1,1,1,1,1,1,1,1,1,1,1,1,1,1,1,1,1,1,1,1,1,1,1,1,1,1
16.612538775510203,16.937618140589567,63,82,1,1,1,1,1,1,1,1,1,1,1,1,1,1,1,1,1,1,1,1,1,1,1,1,1,1,1,1
16.612538775510203,17.239477551020407,60,81,1,1,1,1,1,1,1,1,1,1,1,1,1,1,1,1,1,1,1,1,1,1,1,1,1,1,1,1,1,1,1,1,1,1,1,1,1,1,1,1,1,1,1,1,1,1,1,1,1,1,1,1,1,-2
16.612538775510203,16.809908390022674,44,61,0,0,1,1,1,1,1,1,1,1,1,1,1,1,1,1,1
16.287459410430838,16.612538775510203,67,98,1,1,1,1,1,1,1,1,1,1,1,1,1,1,1,1,1,1,1,1,1,1,1,1,1,1,1,1
15.833386394557824,15.985599999999998,68,82,1,1,1,1,1,1,1,1,1,1,1,1,1,1
15.694066666666666,15.879826303854875,70,83,1,1,1,1,1,1,1,1,1,1,1,1,1,1,1,-5
15.35737732426304,15.728896598639455,67,90,1,1,1,1,1,1,1,1,1,1,1,1,1,1,1,1,1,1,1,1,1,1,1,1,1,1,1,1,1,1,1,1
15.043907936507937,15.427037188208617,75,95,1,1,1,1,1,1,1,1,1,1,1,1,1,1,1,1,1,1,1,1,1,1,1,1,1,1,1,1,1,1,1,1,1
14.742048526077097,15.276107482993197,64,51,1,1,1,1,1,1,1,1,1,1,1,1,1,1,1,1,1,1,1,1,1,1,1,1,1,1,1,1,1,1,1,1,1,1,1,1,1,1,1,1,1,1,1,1,1,1
14.660778684807257,14.858148299319728,55,56,1,1,1,1,1,1,1,1,1,1,1,1,1,1,1,1,1
14.567898866213152,14.985858049886621,67,74,1,1,1,1,1,1,1,1,1,1,1,1,1,1,1,1,1,1,1,1,1,1,1,1,1,1,1,1,1,1,1,1,1,1,1,1
14.428579138321995,14.695608616780046,64,70,1,1,1,1,1,1,1,1,1,1,1,1,1,1,1,1,1,1,1,1,1,1,1
14.428579138321995,15.624406802721088,61,64,1,1,1,1,1,1,1,1,1,1,1,1,1,1,1,1,1,1,1,1,1,1,1,1,1,1,-2,-2,1,1,1,1,1,1,1,1,1,1,1,1,1,1,1,1,1,1,1,1,1,1,1,1,1,1,1,1,1,1,1,1,1,1,1,1,1,1,1,1,1,1,1,1,1,1,1,1,1,1,1,1,1,1,1,1,1,1,1,1,1,1,1,1,1,1,1,1,1,1,1,1,1,1,1
14.416969160997732,14.567898866213152,68,79,1,1,1,1,1,1,1,1,1,1,1,1,1
14.10349977324263,14.416969160997732,70,70,1,1,1,1,1,1,1,1,1,1,1,1,1,1,1,1,1,1,1,1,1,1,1,1,1,1,1
14.10349977324263,14.428579138321995,64,84,1,1,1,1,1,1,1,1,1,1,1,1,1,1,1,1,1,1,1,1,1,1,1,1,1,1,1,1
14.10349977324263,14.428579138321995,61,87,1,1,1,1,1,1,1,1,1,1,1,1,1,1,1,1,1,1,1,1,1,1,1,1,1,1,1,1
14.10349977324263,14.37052925170068,42,59,2,2,1,1,1,1,1,1,1,1,1,1,1,1,1,1,1,1,1,1,1,1,1
13.929350113378684,14.219599546485261,46,50,1,1,1,1,1,1,1,1,1,1,1,1,1,1,-2,-2,-2,-2,-2,-2,1,1,1,1,1
13.335957369614512,13.498497052154196,70,81,1,1,1,1,1,1,1,1,1,1,1,1,1,1
13.17341768707483,13.370787301587303,72,80,1,1,1,1,1,1,1,1,1,1,1,1,1,1,1,1,-5
13.17341768707483,13.452057142857143,53,58,1,1,0,1,1,1,1,1,1,1,1,1,1,1,1,1,1,1,1,1,1,1,1,1
13.17341768707483,13.335957369614512,46,54,1,1,1,1,1,1,1,1,1,1,1,1,1,1
13.161807709750567,13.335957369614512,44,48,1,1,1,0,0,0,1,1,1,1,1,1,1,1,1
12.848338321995465,13.185027664399094,68,79,1,1,1,1,1,1,1,1,1,1,1,1,1,1,1,1,1,1,1,1,1,1,1,1,1,1,1,1,1
12.848338321995465,13.045707936507936,61,54,1,1,1,1,1,1,1,1,1,1,1,1,1,1,1,1,1
12.546478911564627,12.90638820861678,75,84,1,1,1,1,1,1,1,1,1,1,1,1,1,1,1,1,1,1,1,1,1,1,1,1,1,1,1,1,1,1,1
12.233009523809525,12.952828117913832,65,42,1,1,1,1,1,1,1,1,1,1,1,1,1,1,1,1,1,1,1,1,1,1,1,1,1,1,1,1,1,1,1,1,1,1,1,1,1,1,1,1,1,1,1,1,1,1,1,1,1,1,1,1,1,1,1,1,1,1,1,1,1,1
12.233009523809525,12.848338321995465,61,61,-2,-2,1,1,1,1,1,1,1,1,1,1,1,1,1,1,1,1,1,1,1,1,1,1,1,1,1,1,1,1,1,1,1,1,1,1,1,1,1,1,1,1,1,1,1,1,1,1,1,1,1,1,1
12.233009523809525,13.126977777777778,58,61,-2,-2,1,1,1,1,1,1,1,1,1,1,1,1,1,1,1,1,1,1,1,1,1,1,1,1,1,1,1,1,1,1,1,1,1,1,1,1,1,1,1,1,1,1,1,1,1,1,1,1,1,1,1,1,1,1,1,1,1,1,1,1,1,1,1,1,1,1,1,1,1,1,1,1,1,1,1
12.233009523809525,13.161807709750567,53,65,1,1,1,1,1,1,1,1,1,1,1,1,1,1,1,1,1,1,1,1,1,1,1,1,1,1,1,1,1,1,1,1,1,1,1,1,1,1,1,1,1,1,1,1,1,1,1,1,1,1,1,1,1,1,1,1,1,1,1,1,1,1,1,1,1,1,1,1,1,1,1,1,1,1,1,1,1,1,1,1
12.082079818594105,12.418769160997734,68,49,1,1,1,1,1,1,1,1,1,1,1,1,1,1,1,1,1,1,1,1,1,1,1,1,1,1,1,1,1
11.919540136054422,12.058859863945578,70,57,1,1,1,1,1,1,1,1,1,1,1,1
11.919540136054422,12.186569614512472,58,69,1,1,1,1,1,1,1,1,1,1,1,1,1,1,1,1,1,1,1,1,1,1,1
11.628006802721089,11.848596371882087,65,45,1,1,1,1,1,1,1,1,1,1,1,1,1,1,1,1,1,1,1
11.628006802721089,11.919540136054422,58,75,1,1,1,1,1,1,1,1,1,1,1,1,1,1,1,1,1,1,1,1,1,1,1,1,1,1
11.628006802721089,12.233009523809525,53,78,1,1,1,1,1,1,1,1,1,1,1,1,1,1,1,1,1,1,1,1,1,1,1,1,1,1,1,1,1,1,1,1,1,1,1,1,1,1,1,1,1,1,1,1,1,1,1,1,1,1,1,1,1
11.628006802721089,11.871816326530613,46,61,1,1,1,1,1,1,1,1,1,1,1,1,1,1,1,1,1,1,1,1,1
11.616396825396826,12.233009523809525,61,72,1,1,1,1,1,1,1,1,1,1,1,1,1,1,1,1,1,1,1,1,1,1,1,1,1,1,1,1,1,1,1,1,1,1,1,1,1,1,1,1,1,1,1,1,1,1,1,1,1,1,1,1,1,1
11.535126984126984,11.70927664399093,41,52,1,1,1,1,1,1,1,1,1,1,1,1,1,1,1
11.291317460317462,11.581566893424037,75,72,1,1,1,1,1,1,1,1,1,1,1,1,1,1,1,1,1,1,1,1,1,1,1,1,1
11.001068027210886,11.279707482993198,68,59,1,1,1,1,1,1,1,1,1,1,1,1,1,1,1,1,1,1,1,1,1,1,1,1
10.989458049886622,11.628006802721089,65,70,1,1,1,1,1,1,1,1,1,1,1,1,1,1,1,1,1,1,1,1,1,1,1,1,1,1,1,1,1,1,1,1,1,1,1,1,1,1,1,1,1,1,1,1,1,1,1,1,1,1,1,1,1,1,1
10.989458049886622,11.604786848072564,57,79,1,1,1,1,1,1,1,1,1,1,1,1,1,1,1,1,1,1,1,1,1,1,1,1,1,1,1,1,1,1,1,1,1,1,1,1,1,1,1,1,1,1,1,1,1,1,1,1,1,1,1,1,1
10.989458049886622,11.628006802721089,53,73,1,1,1,1,1,1,1,1,1,1,1,1,1,1,1,1,1,1,1,1,1,1,1,1,1,1,1,1,1,1,1,1,1,1,1,1,1,1,1,1,1,1,1,1,1,1,1,1,1,1,1,1,1,1,1
10.82691836734694,11.012678004535148,72,85,1,1,1,1,1,1,1,1,1,1,1,1,1,1,1,1
10.82691836734694,10.989458049886622,65,42,1,1,1,1,1,1,1,1,1,1,1,1,1,1
10.67598866213152,10.873358276643991,70,74,1,1,1,1,1,1,1,1,1,1,1,1,1,1,1,1,1
10.67598866213152,10.815308390022677,46,59,1,1,1,1,1,1,1,1,1,1,1,1
10.350909297052155,10.664378684807257,72,84,1,1,1,1,1,1,1,1,1,1,1,1,1,1,1,1,1,1,1,1,1,1,1,1,1,1,1
10.350909297052155,10.606328798185942,65,40,1,1,1,1,1,1,1,1,1,1,1,1,1,1,1,1,1,1,1,1,1,1
10.350909297052155,10.617938775510204,60,50,1,1,1,1,1,1,1,1,1,1,1,1,1,1,1,1,1,1,1,1,1,1,1
10.350909297052155,10.664378684807257,53,67,1,1,1,1,1,1,1,1,1,1,1,1,1,1,1,1,1,1,1,1,1,1,1,1,1,1,1
9.908446258503401,10.118709750566895,75,80,1,1,1,1,1,1,1,1,1,1,1,1,1,1,1,1,1,1,1
9.908446258503401,10.513448979591837,63,57,1,1,1,1,1,1,1,1,1,1,1,1,1,1,1,1,1,1,1,1,1,1,1,1,1,1,1,1,1,1,1,1,1,1,1,1,1,1,1,1,1,1,1,1,1,1,1,1,1,1,1,1,1
9.74590657596372,9.920056235827664,73,66,1,1,1,1,1,1,1,1,1,1,1,1,1,1,1
9.74590657596372,10.350909297052155,60,62,4,1,1,1,1,1,1,1,1,1,1,1,1,1,1,1,1,1,1,1,1,1,1,1,1,1,1,1,1,1,1,1,1,1,1,1,1,1,1,1,1,1,1,1,1,1,1,1,1,1,1,1,1
9.734296598639455,10.350909297052155,53,66,1,1,1,1,1,1,1,1,1,1,1,1,1,1,1,1,1,1,1,1,1,1,1,1,1,1,1,1,1,1,1,1,1,1,1,1,1,1,1,1,1,1,1,1,1,1,1,1,1,1,1,1,1,1
9.432437188208617,9.722686621315193,63,76,1,1,1,1,1,1,1,1,1,1,1,1,1,1,1,1,1,1,1,1,1,1,1,1,1
9.432437188208617,9.734296598639455,53,80,1,1,1,1,1,1,1,1,1,1,1,1,1,1,1,1,1,1,1,1,1,1,1,1,1,1
9.420827210884353,9.653026757369615,72,62,1,1,1,1,1,1,1,1,1,1,1,1,1,1,1,1,1,1,1,1
9.118967800453515,9.432437188208617,53,68,1,1,1,1,1,1,1,1,1,1,1,1,1,1,1,1,1,1,1,1,1,1,1,1,1,1,1
9.118967800453515,9.351167346938775,51,49,1,1,1,1,1,1,1,1,1,1,1,1,1,1,1,1,1,1,1,1
9.118967800453515,9.374387301587301,41,65,1,1,1,1,1,1,1,1,1,1,1,1,1,1,1,1,1,1,1,1,1,1
9.10735782312925,9.385997278911564,70,54,1,1,1,1,1,1,1,1,1,1,1,1,1,1,1,1,1,1,1,1,1,1,1,1
9.10735782312925,9.67624671201814,65,47,1,1,1,-5,-5,-5,-5,1,1,1,1,1,1,1,1,-5,-5,-5,-5,-5,-5,1,1,1,1,-5,-5,-5,-5,-5,-5,-5,-5,-5,-5,-5,-5,-5,-5,-5,-5,-5,-5,-5,-5,-5,-5,1,1
9.10735782312925,9.432437188208617,63,76,1,1,1,1,1,1,1,1,1,1,1,1,1,1,1,1,1,1,1,1,1,1,1,1,1,1,1,1
9.10735782312925,9.734296598639455,60,80,1,1,1,1,1,1,1,1,1,1,1,1,1,1,1,1,1,1,1,1,1,1,1,1,1,1,1,1,1,1,1,1,1,1,1,1,1,1,1,1,1,1,1,1,1,1,1,1,1,1,1,1,1,1
9.10735782312925,9.269897505668935,44,56,1,1,1,1,1,1,1,1,1,1,1,1,1,1
8.654568707482992,9.049307936507937,56,61,1,1,1,1,1,1,1,1,1,1,1,1,1,1,1,1,1,1,1,1,1,1,1,1,1,1,1,1,1,1,1,1,1,1
8.64295873015873,9.10735782312925,68,88,-2,1,1,1,1,1,1,1,1,1,1,1,1,1,1,1,1,1,1,1,1,1,1,1,1,1,1,1,1,1,1,1,1,1,1,1,1,1,1,1
8.49202902494331,8.64295873015873,67,74,1,1,1,1,1,1,1,1,1,1,1,1,1
8.166949659863945,8.503639002267573,65,88,1,1,1,1,1,1,1,1,1,1,1,1,1,1,1,1,1,1,1,1,1,1,1,1,1,1,1,1,1
8.166949659863945,8.34109931972789,46,52,1,1,1,1,1,1,1,1,1,1,1,1,1,1,1
8.155339682539681,8.294659410430839,43,45,4,1,1,1,1,1,1,1,1,1,1,4
8.143729705215419,8.352709297052154,37,37,1,1,1,1,1,1,1,1,1,1,1,1,1,1,1,1,1,1
7.8638063492063495,8.132119727891157,56,63,1,1,1,1,1,1,1,1,1,1,1,1,1,1,1,1,1,1,1,1,1,1,1,1
7.852196371882086,8.201779591836734,63,89,1,1,1,1,1,1,1,1,1,1,1,1,1,1,1,1,1,1,1,1,1,1,1,1,1,1,1,1,1,1,1
7.550336961451247,7.8638063492063495,75,84,1,1,1,1,1,1,1,1,1,1,1,1,1,1,1,1,1,1,1,1,1,1,1,1,1,1,1
7.236867573696145,8.10889977324263,60,67,-2,-2,1,1,1,1,1,1,1,1,1,1,1,1,1,1,1,1,1,1,1,1,1,1,1,1,1,1,1,1,1,1,1,1,1,1,1,1,1,1,1,1,1,1,1,1,1,1,1,1,1,1,1,1,1,1,1,1,1,1,1,1,1,1,1,1,1,1,1,1,1,1,1,1,1,1
7.236867573696145,7.8638063492063495,56,84,1,1,1,1,1,1,1,1,1,1,1,1,1,1,1,1,1,1,1,1,1,1,1,1,1,1,1,1,1,1,1,1,1,1,1,1,1,1,1,1,1,1,1,1,1,1,1,1,1,1,1,1,1,1
7.074327891156463,7.283307482993197,65,76,1,1,1,1,1,1,1,1,1,1,1,1,1,1,1,1,1,1
6.923398185941044,7.132377777777778,67,76,1,1,1,1,1,1,1,1,1,1,1,1,1,1,1,1,-5,-5
6.609928798185941,6.76085850340136,72,56,1,1,1,1,1,1,1,1,1,1,1,1,1
6.609928798185941,7.236867573696145,60,81,1,1,1,1,1,1,1,1,1,1,1,1,1,1,1,1,1,1,1,1,1,1,1,1,1,1,1,1,1,1,1,1,1,1,1,1,1,1,1,1,1,1,1,1,1,1,1,1,1,1,1,1,1,-2
6.609928798185941,7.236867573696145,56,85,1,1,1,1,1,1,1,1,1,1,1,1,1,1,1,1,1,1,1,1,1,1,1,1,1,1,1,1,1,1,1,1,1,1,1,1,1,1,1,1,1,1,1,1,1,1,1,1,1,1,1,1,1,1
6.284849433106576,6.64475873015873,67,92,1,1,1,1,1,1,1,1,1,1,1,1,1,1,1,1,1,1,1,1,1,1,1,1,1,1,1,1,1,1,1
5.83077641723356,5.982990022675737,68,77,7,1,1,1,1,1,1,1,1,1,1,1,1,1
5.691456689342403,5.877216326530612,70,78,1,1,1,1,1,1,1,1,1,1,1,1,1,1,1,-5
5.67984671201814,5.83077641723356,51,57,1,1,1,1,1,1,1,1,1,1,1,1,1
5.67984671201814,5.865606349206349,39,43,1,1,1,1,1,1,1,1,1,1,1,1,1,1,1,1
5.656626757369614,5.795946485260771,42,52,1,1,1,1,1,1,1,1,1,1,1,1
5.540526984126984,5.772726530612244,46,43,1,1,1,1,1,1,1,1,1,1,1,1,1,1,1,1,1,1,1,1
5.4360371882086165,5.67984671201814,39,76,1,1,1,1,1,1,1,1,1,1,1,1,1,1,1,1,1,1,1,1,1
5.354767346938775,5.71467664399093,67,88,1,1,1,1,1,1,1,1,1,1,1,1,1,1,1,1,1,1,1,1,1,1,1,1,1,1,1,1,1,1,1
5.041297959183673,5.412817233560091,75,89,1,1,1,1,1,1,1,1,1,1,1,1,1,1,1,1,1,1,1,1,1,1,1,1,1,1,1,1,1,1,1,1
4.727828571428571,4.994858049886621,67,63,1,1,1,1,1,1,1,1,1,1,1,1,1,1,1,1,1,1,1,1,1,1,1
4.727828571428571,5.67984671201814,51,57,1,1,1,1,1,1,1,1,1,1,1,1,1,1,1,1,1,1,1,1,1,1,1,1,1,1,1,1,1,1,1,1,1,1,1,1,1,1,1,1,1,1,1,1,1,1,1,1,1,1,1,1,1,1,1,1,1,1,1,1,1,1,1,1,1,1,1,1,1,1,1,1,1,1,1,1,1,1,1,1,1,1
4.576898866213152,4.727828571428571,67,84,1,1,1,1,1,1,1,1,1,1,1,1,1
4.4143591836734695,4.553678911564625,68,53,1,1,1,1,1,1,1,1,1,1,1,1
4.1124997732426305,4.472409070294784,63,45,-5,-5,-5,-5,-5,-5,-5,-5,1,1,1,-5,-5,-5,-5,-5,-5,-5,-5,-5,-5,-5,-5,-5,-5,-5,-5,-5,-5,-5,-5
4.1124997732426305,4.402749206349206,39,65,1,1,1,1,1,1,1,1,1,1,1,1,1,1,1,1,1,1,1,1,1,1,1,1,1
4.100889795918367,5.540526984126984,61,60,1,1,1,1,1,1,1,1,1,1,1,1,1,1,1,1,1,1,1,1,1,1,1,1,1,1,1,1,1,1,1,1,1,1,1,1,1,1,1,1,1,1,1,1,1,1,1,1,1,1,1,1,1,1,-2,-2,1,1,1,1,1,1,1,1,1,1,1,1,1,1,1,1,1,1,1,1,1,1,1,1,1,1,1,1,1,1,1,1,1,1,1,1,1,1,1,1,1,1,1,1,1,1,1,1,1,1,1,1,1,1,1,1,1,1,1,1,1,1,1,1,1,1,1,1
4.100889795918367,5.645016780045351,58,70,1,1,1,1,1,1,1,1,1,1,1,1,1,1,1,1,1,1,1,1,1,1,1,1,1,1,1,1,1,1,1,1,1,1,1,1,1,1,1,1,1,1,1,1,1,1,1,1,1,1,1,1,1,1,1,1,1,1,1,1,1,1,1,1,1,1,1,1,1,1,1,1,1,1,1,1,1,1,1,1,1,1,1,1,1,1,1,1,1,1,1,1,1,1,1,1,1,1,1,1,1,1,1,1,1,1,1,1,1,1,1,1,1,1,1,1,1,1,1,1,1,1,1,1,1,1,1,1,1,1,1,1,1
4.100889795918367,4.692998639455782,51,60,1,1,1,1,1,1,1,1,1,1,1,1,1,1,1,1,1,1,1,1,1,1,1,1,1,1,1,1,1,1,1,1,1,1,1,1,1,1,1,1,1,1,1,1,1,1,1,1,1,1,1
4.100889795918367,4.2634294784580495,46,46,1,1,1,1,1,1,1,1,1,1,1,1,1,1
3.984790022675737,4.216989569160997,42,41,1,1,1,1,1,1,1,1,1,1,2,1,1,1,1,1,1,1,1,1
3.3333473922902495,3.4958870748299318,70,80,1,1,1,1,1,1,1,1,1,1,1,1,1,1
3.1708077097505667,3.3913972789115645,72,86,1,1,1,1,1,1,1,1,1,1,1,1,1,1,1,1,1,-5,-5
3.159197732426304,3.321737414965986,44,44,1,-2,0,0,0,0,0,1,1,1,1,1,2,1
3.1127578231292516,3.2869074829931972,46,37,1,1,1,1,1,1,1,1,1,1,1,1,1,1,1
2.857338321995465,3.1475877551020406,58,64,1,1,1,1,1,1,1,1,1,1,1,1,1,1,1,1,1,1,1,1,1,1,1,1,1
2.8457283446712016,3.1708077097505667,72,85,1,1,1,1,1,1,1,1,1,1,1,1,1,1,1,1,1,1,1,1,1,1,1,1,1,1,1,1
2.7064086167800454,2.892168253968254,70,73,1,1,1,1,1,1,1,1,1,1,1,1,1,1,1,1
2.7064086167800454,3.0779278911564627,61,50,1,1,1,1,1,1,1,1,1,1,1,1,1,1,1,1,1,1,1,1,1,1,1,1,1,1,1,1,1,1,1,1
2.7064086167800454,2.857338321995465,58,70,1,1,1,1,1,1,1,1,1,1,1,1,1
2.5438689342403626,2.7412385487528343,68,70,1,1,1,1,1,1,1,1,1,1,1,1,1,1,1,1,1
2.5438689342403626,2.7064086167800454,61,66,1,1,1,1,1,1,1,1,1,1,1,1,1,1
2.230399546485261,2.4974290249433104,67,67,1,1,1,1,1,1,1,1,1,1,1,1,1,1,1,1,1,1,1,1,1,1,1
2.067859863945578,2.2187895691609976,68,71,1,1,1,1,1,1,1,1,1,1,1,1,1
2.067859863945578,2.5438689342403626,61,67,1,1,1,1,1,1,1,1,1,1,1,1,1,1,-2,-2,-2,1,1,1,1,1,1,1,1,1,1,1,1,1,1,1,1,1,1,1,1,1,1,1,1
1.9388662131519274,2.067859863945578,70,59,1,1,1,1,1,1,1,1,1,1,1,1
1.9388662131519274,2.7064086167800454,58,73,1,1,1,1,1,1,1,1,1,1,1,1,1,1,1,1,1,1,1,1,1,1,1,1,1,1,-2,-2,1,1,1,1,1,1,1,1,1,1,1,1,1,1,1,1,1,1,1,1,1,1,1,1,1,1,1,1,1,1,1,1,1,1,1,1,1,1,1
1.6137868480725623,1.8692063492063493,68,44,1,1,1,1,1,1,1,1,1,1,1,1,1,1,1,1,1,1,1,1,1,1
1.6137868480725623,2.067859863945578,61,85,1,1,1,1,1,1,1,1,1,1,1,1,1,1,1,1,1,1,1,1,1,1,1,1,1,1,1,1,1,1,1,1,1,1,1,1,1,1,1,1
1.6137868480725623,1.9388662131519274,58,88,1,1,1,1,1,1,1,1,1,1,1,1,1,1,1,1,1,1,1,1,1,1,1,1,1,1,1,1
1.6137868480725623,1.8808163265306121,49,67,1,1,1,1,1,1,1,1,1,1,1,1,1,1,1,1,1,1,1,1,1,1,1
1.6021768707482993,1.8692063492063493,39,49,1,1,1,1,1,1,1,1,1,1,1,1,1,1,1,1,1,1,1,1,1,1,1
1.5905668934240362,1.7298866213151927,42,39,1,1,1,1,1,1,1,1,1,1,1,1
31.3545873015873,31.528736961451248,41,74,1,1,1,1,1,1,1,1,1,1,1,1,1,1,1
27.92836009070295,28.148949659863945,44,72,1,1,1,1,1,1,1,1,1,1,1,1,1,1,1,1,1,1,1
7.921856235827665,8.143729705215419,44,71,1,1,1,1,1,1,1,1,1,1,1,1,1,1,1,1,1,1,1,1
11.337757369614513,11.523517006802722,41,69,1,1,1,1,1,1,1,1,1,1,1,1,1,1,1,1
33.004487981859405,33.16702766439909,49,63,1,1,1,1,1,1,1,1,1,1,1,1,1,1
12.98765804988662,13.161807709750567,46,65,1,1,1,1,1,1,1,1,1,1,1,1,1,1,1
32.99287800453514,33.15541768707483,46,64,1,1,1,1,1,1,1,1,1,1,1,1,1,1
5.110957823129252,5.424427210884353,39,49,1,1,1,1,1,1,1,1,1,1,1,1,1,1,1,1,1,1,1,1,1,1,1,1,1,1,1
12.999268027210885,13.161807709750567,49,61,1,1,1,1,1,1,1,1,1,1,1,1,1,1
33.63142675736961,34.050669841269844,53,65,1,1,1,1,1,1,1,1,1,1,1,1,1,1,1,1,1,1,1,1,1,1,1,1,1,1,1,1,1,1,1,1,1,1,1,1,1
28.65978866213152,29.031307936507936,56,60,1,1,1,1,1,1,1,1,1,1,1,1,1,1,1,1,1,1,1,1,1,1,1,1,1,1,1,1,1,1,1,1
24.860758276643992,25.41803718820862,39,44,1,1,1,1,1,1,1,1,1,1,1,1,1,1,1,1,1,1,1,1,1,1,1,1,1,1,1,1,1,1,1,1,1,1,1,1,1,1,1,1,1,1,1,1,1,1,1,1
13.62620680272109,14.045449886621315,53,65,1,1,1,1,1,1,1,1,1,1,1,1,1,1,1,1,1,1,1,1,1,1,1,1,1,1,1,1,1,1,1,1,1,1,1,1,1
28.2882693877551,28.462419047619047,56,60,1,1,1,1,1,1,1,1,1,1,1,1,1,1,1
30.414179138321995,30.832138321995465,41,55,1,1,1,1,1,1,1,1,1,1,1,1,1,1,1,1,1,1,1,1,1,1,1,1,1,1,1,1,1,1,1,1,1,1,1,1
3.7048666666666668,4.089279818594104,61,56,1,1,1,1,1,1,1,1,1,1,1,1,1,1,1,1,1,1,1,1,1,1,1,1,1,1,1,1,1,1,1,1,1,1
3.6932566893424035,4.089279818594104,58,59,1,1,1,1,1,1,1,1,1,1,1,1,1,1,1,1,1,1,1,1,1,1,1,1,1,1,1,1,1,1,1,1,1,1,1
10.40895918367347,10.838528344671202,41,55,1,1,1,1,1,1,1,1,1,1,1,1,1,1,1,1,1,1,1,1,1,1,1,1,1,1,1,1,1,1,1,1,1,1,1,1,1
33.70108662131519,34.097109750566894,58,51,1,1,1,1,1,1,1,1,1,1,1,1,1,1,1,1,1,1,1,1,1,1,1,1,1,1,1,1,1,1,1,1,1,1,1
8.294659410430839,8.468809070294784,56,57,1,1,1,1,1,1,1,1,1,1,1,1,1,1,1
30.832138321995465,30.97145804988662,53,56,1,1,1,1,1,1,1,1,1,1,1,1
23.721696598639458,24.09449977324263,61,50,-2,-2,-2,1,1,1,1,-2,-2,1,1,1,1,1,1,1,1,1,1,1,-2,-2,-2,1,1,-2,-2,-2,-2,-2,1,1,1
21.375197278911568,21.560956916099776,53,56,1,1,1,1,1,1,1,1,1,1,1,1,1,1,1,1
38.7204485260771,39.15001768707483,60,50,1,1,1,1,1,1,1,1,1,1,1,1,1,1,1,1,1,1,1,1,1,1,1,1,1,1,1,1,1,1,1,1,1,1,1,1,1
18.726838548752834,19.098357823129252,60,51,1,1,1,1,1,1,1,1,1,1,1,1,1,1,1,1,1,1,1,1,1,1,1,1,1,1,1,1,1,1,1,1
13.684256689342403,14.091889795918368,61,50,1,1,1,1,1,1,1,1,1,1,1,1,1,1,1,1,1,1,1,1,1,1,1,1,1,1,1,1,1,1,1,1,1,1,1,1
33.68947664399093,33.98100997732426,61,55,1,1,1,1,1,1,1,1,1,1,1,1,1,1,1,1,1,1,1,1,1,1,1,1,1,1
8.72422857142857,9.095747845804988,60,44,1,1,1,1,1,1,1,1,1,1,1,1,1,1,1,1,1,1,1,1,1,1,1,1,1,1,1,1,1,1,1,1
23.675256689342405,24.09449977324263,58,54,1,1,1,1,1,1,1,1,1,1,1,1,1,1,1,1,1,1,1,1,1,1,1,1,1,1,1,1,1,1,1,1,1,1,1,1,1
13.70747664399093,14.022229931972788,58,52,1,1,1,1,1,1,1,1,1,1,1,1,1,1,1,1,1,1,1,1,1,1,1,1,1,1,1,1
3.9370662131519274,4.205379591836735,49,48,1,1,1,1,1,1,1,1,1,1,1,1,1,-1,-1,1,1,1,1,1,1,1,1,1
23.885520181405898,24.08288979591837,42,49,1,1,1,1,1,1,1,1,1,1,1,1,1,1,1,1,1
15.55474693877551,15.775336507936508,42,46,1,1,1,1,1,1,1,1,1,1,1,1,1,1,1,1,1,1,1
7.969580045351474,8.34109931972789,41,42,1,1,1,1,1,1,1,1,1,1,1,1,1,1,1,1,0,1,1,1,1,1,1,1,1,1,1,1,1,1,1,1
32.05246984126984,32.632968707482995,65,43,1,1,1,1,1,1,1,1,1,1,1,1,1,1,1,1,1,1,1,1,1,1,1,1,1,1,1,1,1,1,1,1,1,1,1,1,1,1,1,1,1,1,1,1,1,1,1,1,1,1
5.459257142857143,5.645016780045351,42,49,1,1,1,1,1,1,1,1,1,1,1,1,1,1,1,1
21.08494784580499,21.23587755102041,53,47,1,1,1,1,1,1,1,1,1,1,1,1,1
3.0314879818594105,3.18241768707483,42,45,1,1,1,1,1,1,1,1,1,1,1,1,1
6.133919727891157,6.389339229024944,58,38,1,1,1,1,1,1,1,1,1,1,1,1,1,1,1,1,1,1,1,1,1,1
8.921598185941043,9.095747845804988,44,44,1,1,1,1,1,1,1,1,1,1,1,1,1,1,1
23.955180045351476,24.16415963718821,49,38,1,1,1,1,1,1,1,1,-2,-1,-1,-1,-1,1,1,1,1,1
28.915208163265305,29.100967800453514,44,45,1,1,1,1,1,1,1,1,1,1,1,1,1,1,1,1
19.877510204081634,20.341909297052155,65,40,1,1,1,1,-5,-5,-5,-5,-5,-5,-5,-5,-5,-5,-5,-5,-5,-5,-5,-5,-5,-5,-5,-5,-5,-5,-5,-5,-5,-5,-5,1,1,1,1,1,1,1,1,1
8.944818140589568,9.10735782312925,41,35,1,1,1,1,1,1,1,1,-2,-2,-2,-1,0,0
27.986409977324264,28.253439455782313,41,39,1,1,1,1,1,1,1,1,1,1,1,1,1,1,1,1,1,1,1,1,1,1,1
28.02123990929705,28.218609523809523,48,37,1,1,1,1,1,1,1,1,1,1,2,2,1,1,1,1,1
23.025097959183675,23.280517460317462,46,39,1,1,1,1,1,1,1,1,1,1,1,1,1,1,1,1,1,1,1,1,1,1
23.89713015873016,24.09449977324263,39,39,1,1,1,1,1,1,1,1,1,1,1,1,1,1,1,1,1
28.961648072562358,29.100967800453514,41,36,1,1,0,1,1,1,1,1,-2,0,0,0
29.86851020408163,30.042659863945577,65,38,1,1,1,1,1,-5,-5,-5,-5,-5,-5,-5,-5,-5,-5
